<?xml version="1.0" encoding="utf-8"?>
<Level>
  <Name>第一关：敌人来袭</Name>
  <Background>bg1.png</Background>
  <Road>road1.png</Road>
  <InitScore>10</InitScore>
  <MonsterGap>2</MonsterGap>
  <Dictionary>
    <Item entity="Plate" name="*"/>
    <Item entity="Start" name="sta"/>
    <Item entity="End" name="end"/>
    <Item entity="Lock" name="loc"/>
  </Dictionary>
  <Holder>
    *,*,*,*,*,*,*,*,*,*,
    *,*,*,loc,*,*,*,*,*,*,
    sta,*,*,*,loc,*,*,*,*,end,
    *,*,*,*,*,*,*,*,*,*,
    *,*,*,*,*,*,*,*,*,*,
  </Holder>

  <Rounds>
    <Round Monster="Silly" Count="1"/>
    <Round Monster="Silly" Count="5"/>
    <Round Monster="Silly" Count="12"/>
  </Rounds>
</Level>
